Name,Studied,Slept,Other
Ram,4.855064,9.639962,9.504974
Yash,8.625440,0.058927,15.315634
Alpha,3.828192,0.723199,19.448609
Deep,7.150955,3.899420,12.949625
Alex,6.477900,8.198181,9.323919
Jack,1.922270,1.331427,20.746303
Sufia,8.978216,0.993438,14.028347